resnum,resname_3letter,resname_1letter,conservation
808,ARG,R,0.9337339838081179
809,GLN,Q,0.9337339838081179
810,ASP,D,0.9337339838081179
812,LEU,L,0.9337339838081179
813,THR,T,0.9337339838081179
816,ILE,I,0.9337339838081179
910,ILE,I,1.0
911,LEU,L,1.0
912,GLY,G,1.0
913,ILE,I,1.0
915,ASP,D,1.0
937,PHE,F,1.0
938,LEU,L,1.0
941,LYS,K,1.0
952,VAL,V,1.0
1002,PHE,F,1.0
1010,MET,M,1.0
1012,GLU,E,1.0
1013,LEU,L,1.0
1017,ASP,D,1.0
1018,ASP,D,1.0
1019,ILE,I,1.0
1020,ALA,A,1.0
1021,TYR,Y,1.0
1022,ILE,I,1.0
1025,THR,T,1.0
